Titulo_original;Titulo_encontrado;Fuente;Anio;Sinopsis;Poster_URL;Backdrop_URL;Generos;Puntuacion_TMDB;Temporadas;Episodios;URL_TMDB
Adentro;Bosque adentro;TMDB;2020 - 2020;Unas pruebas encontradas en el cuerpo de una víctima de homicidio dan al fiscal la esperanza de que su hermana, desaparecida hace 25 años, pueda seguir viva.;https://image.tmdb.org/t/p/original/uxpgOkaP88NZjFxjYsf1bneRQfg.jpg;https://image.tmdb.org/t/p/original/939fj4JSFqd1OOXEpBD18h7USKy.jpg;Drama, Misterio;6.863;1;6;https://www.themoviedb.org/tv/103425
Agentes Implicados;Agentes Implicados;TMDB;2018 - 2019;Muhtesem Ikili (La Dupla Perfecta) es una adaptación de la famosa película estadounidense, Tango y Cash. Una historia de dos oficiales de policía Mert Barca y Mustafa Kerim Can / MKC. Barca y MKC, se ven obligados a unirse para una operación de drogas. Son conocidos por su rivalidad y por tener enemigos en común.;https://image.tmdb.org/t/p/original/fMnSwwMrllfbUjkT1fAjTID6G6B.jpg;https://image.tmdb.org/t/p/original/j55fkH4K0wWSBt1FAtRD8UFHCli.jpg;Drama, Crimen, Acción;7.0;1;12;https://www.themoviedb.org/tv/83087
Alef;Alef;TMDB;2020 - 2022;Cuando el detective de homicidios cercano a la jubilación Settar Öztürk se le asigna un caso final con su compañero de caso Kemal McAllister, descubren una serie de asesinatos despiadados y operose. Pronto descubren que se trata de un asesino en serie cuyos motivos están relacionados con la herejía y el sufismo islámicos. A medida que el caso se desenreda, los detectives descubren que resolver el caso no es su único papel en esta imagen.;https://image.tmdb.org/t/p/original/6CyNjKgbgs6dTBKNkUJsEfMnX1B.jpg;https://image.tmdb.org/t/p/original/xmbpuuDzaWqEFc28uDbHjUzrnXk.jpg;Crimen, Drama, Misterio, Acción;7.4;2;16;https://www.themoviedb.org/tv/99815
Amar Es Primavera;Amar es primavera;TMDB;2014 - 2016;Öykü es una modesta joven que vive con su madre, Meral, y su hermano pequeño, Cem. Es una prometedora diseñadora de modas con grandes ambiciones dentro de la industria. Desde su niñez ha estado enamorada de Mete, pero él se enamora de su mejor amiga, Şeyma. La vida acercará a Öykü con Ayaz, el mejor amigo de Mete e hijo de su diseñadora favorita.;https://image.tmdb.org/t/p/original/yNAjs9Vo1hk6wfc6vAcbyXA8TUr.jpg;https://image.tmdb.org/t/p/original/dISG8n6sV8nRawZgfMeyEdZYUYI.jpg;Comedia;5.8;2;59;https://www.themoviedb.org/tv/62217
Amar y vivir;Amar y Vivir;TMDB;2020 - 2021;Irene, la cantante principal de la banda del mercado 'Los Milagrosos', conoce a Joaquín el mecánico, cuando llega a la ciudad con nada más que la ropa que lleva puesta. Mientras luchan por sus sueños, se cruzan en su camino. Pronto se darán cuenta de que no pueden vivir el uno sin el otro, aunque su lucha por estar juntos será intensa y dolorosa.;https://image.tmdb.org/t/p/original/jjmLFjKKnxyRq07lyD29wPbRM2d.jpg;https://image.tmdb.org/t/p/original/v6gog3v6BjTrXhsaVfTCDHurFLe.jpg;Drama;7.563;1;69;https://www.themoviedb.org/tv/103086
Amor en Blanco y Negro;Amor en blanco y negro;TMDB;2017 - 2018;Una doctora que se ha dedicado a curar a otros se encuentra con un asesino de sangre fría con un pasado herido. ¿Qué sucede cuando la mujer que salva vidas es capturada por el hombre que las toma?;https://image.tmdb.org/t/p/original/lOine64F8E0rpOPdNZRRhylVelW.jpg;https://image.tmdb.org/t/p/original/kiJQB753D1wvaX36bFHBHVdBMlP.jpg;Drama, Acción;7.9;1;32;https://www.themoviedb.org/tv/76530
Amor Lógica Venganza;Amor Lógica Venganza;TMDB;2021 - 2022;Esra y Ozan tienen un pasado en común. Para huir de una vida sin futuro, ella decidió proponerle matrimonio al joven ingeniero nada más licenciarse, pero su relación terminó en divorcio. Años después, el destino ha querido reunirles, pero sus vidas han cambiado mucho desde entonces. Esra no tiene trabajo y Ozan se ha convertido en el millonario CEO de una gran empresa... y entre ellos aún hay muchas cosas pendientes.;https://image.tmdb.org/t/p/original/kQef0LAjxeWF710M05EHCLXz1Fh.jpg;https://image.tmdb.org/t/p/original/kWLUwqkkq3nrmNSBZqdmylZl731.jpg;Comedia;8.677;1;42;https://www.themoviedb.org/tv/127588
Ana De Nadie;Ana de nadie;TMDB;2023 - 2023;Esta es la historia de Ana, una mujer que después de 25 años de casada decide separarse de su esposo infiel, dándose la oportunidad de vivir nuevas experiencias.;https://image.tmdb.org/t/p/original/9HMJ9bLOVCqsnGNryCFklvG20Sd.jpg;https://image.tmdb.org/t/p/original/2fdTQNSD5CMfeG3KtgUAzK56aJb.jpg;Telenovela, Drama;7.991;1;94;https://www.themoviedb.org/tv/221573
Aurora;Aurora;TMDB;2010 - 2011;Después de haber estado congelada criogénicamente durante 20 años, el corazón de Aurora se debatía entre el pasado y el presente: recuerdos de un viejo amor y la oportunidad de uno nuevo.;https://image.tmdb.org/t/p/original/sAfj9bfJ9c0jf2lPl14oISIEfJp.jpg;https://image.tmdb.org/t/p/original/ykjg8d26J0sqdj9YU4dkmx8uCMn.jpg;Misterio, Telenovela, Drama, Crimen;7.38;1;135;https://www.themoviedb.org/tv/34035
Avenida Brasil;Avenida Brasil;TMDB;2012 - 2012;Esta es la dramática historia de Rita, que lucha por recuperar parte de la vida que su terrible madrastra, Carmina, le robó cuando todavía era solo una niña. Pero ella tendrá que enfrentarse a su pasado y decidir hasta dónde está dispuesta a llegar para vengarse de los que más le hicieron daño.;https://image.tmdb.org/t/p/original/p8uzK1Lngu9q9dpnn4SwPKIT1H7.jpg;https://image.tmdb.org/t/p/original/5ssgDp28z1Nif6hR8OFrNQUspd4.jpg;Telenovela, Drama, Misterio, Crimen;8.113;1;179;https://www.themoviedb.org/tv/45815
Belleza Fatal;Belleza fatal;TMDB;2025 - 2025;La trama gira en torno a una historia de búsqueda de justicia que tiene lugar en el bullicioso mundo de los tratamientos de belleza y estética.;https://image.tmdb.org/t/p/original/6cth8WrDsVPSHfXzfX5PHY7yvs9.jpg;https://image.tmdb.org/t/p/original/rdeEKPvdDKt5b5lcY3bHsUfrwjU.jpg;Telenovela, Drama, Misterio, Crimen;8.2;1;40;https://www.themoviedb.org/tv/158596
Caer en Tentacion;Caer en tentación;TMDB;2017 - 2018;;https://image.tmdb.org/t/p/original/2E8bvsc30vIglIAWuK3TW0hqdJ3.jpg;https://image.tmdb.org/t/p/original/8BH6d9B6flO2gOeEjWaE6UfmJ1c.jpg;Drama, Telenovela;7.773;1;103;https://www.themoviedb.org/tv/82515
Café, con aroma de mujer;Café con aroma de mujer;TMDB;2021 - 2021;Como todos los años, Gaviota y su mamá llegan a la Hacienda Casablanca a recoger el café de la segunda cosecha del año, pero este octubre tienen esperanza de que sea el último, pues a partir de ahora serán dueñas de su propia tierra. Sin embargo, el destino tiene otros planes.;https://image.tmdb.org/t/p/original/ztyJqTdS7RApGgl6ZXmFdGZX3g0.jpg;https://image.tmdb.org/t/p/original/nlor5UKEkOuARd6YcltbeVyOgUz.jpg;Telenovela;7.303;1;92;https://www.themoviedb.org/tv/124124
Calendario;Calendario;TMDB;2022 - 2022;"Una maestra joven de español-Literatura, llamada Amalia (Clarita García), en franco antagonismo con un grupo de muchachos del 9no grado de una secundaria aborda los conflictos con un método muy de ella; luego están los padres y familiares, así que lo fundamental está en la interacción entre esa profesora y sus alumnos. Había sido una niña con problemas de conducta, y gracias a la constancia de su maestra, fue “rescatada”. En agradecimiento, estudia magisterio y regresa a la misma escuela para enfrentar conflictos semejantes a los de su propio pasado. Y en el peor grupo, el 9no 3.";https://image.tmdb.org/t/p/original/75m3Q2zlyPjQTkp2TwGB3uQb3SK.jpg;;;0.0;1;13;https://www.themoviedb.org/tv/195089
Doctor Milagro;Doctor Alí;TMDB;2019 - 2021;El joven Ali Vefa, abandonado de niño por su padre, logra convertirse en médico y se une al equipo de cirugía de un hospital. Pero sus relaciones interpersonales y profesionales se ven afectadas por el síndrome del sabio.;https://image.tmdb.org/t/p/original/yAUXj0sHwsWEmIMWEUD0oBzLRIM.jpg;https://image.tmdb.org/t/p/original/j9orEeA4twmIEQtHdaAW0L1L7nE.jpg;Drama;8.063;2;64;https://www.themoviedb.org/tv/92967
Dulce Venganza;Dulce venganza;TMDB;2016 - 2016;Pelin tiene una vida perfecta: es bella, inteligente, tiene un excelente trabajo y está a punto de casarse con el hombre de sus sueños. Pero cuando Tolga, su novio, la abandona en el altar, todo parece derrumbarse. Un día, por la calle, una mujer le dice que su mala suerte en el amor se debe a que ella hizo daño a otra persona en el pasado, y que hasta obtener su perdón no logrará ser feliz. Haciendo un esfuerzo, Pelin recuerda a Tankut, un compañero de facultad tímido y poco agradaciado que estaba enamorado de ella, y del cual Pelin se aprovechaba para obtener favores y regalos. Tras ser rechazado cruelmente por ella, Tankut decidió abandonar la universidad.;https://image.tmdb.org/t/p/original/aJ0NZpjcMALBxhttC2SVcn0IoI4.jpg;https://image.tmdb.org/t/p/original/vzUnyumQoNe92tAejutt4pBOwva.jpg;Comedia, Drama;8.2;1;30;https://www.themoviedb.org/tv/66071
El Capo;El Capo;TMDB;2009 - 2014;"La historia cuenta la vida de Pedro Pablo León Jaramillo, un gran capo de la mafia del narcotráfico. Relata cómo asciende desde los barrios más humildes de Colombia hasta las negras cumbres del mundo criminal.  El personaje central no es en realidad ningún capo en particular, sino una mezcla de las principales líneas de los capos más conocidos de la historia de los carteles de Colombia; en si es un capo ficticio. Las grandes líneas de la historia son: la caza y captura del Capo, su detención en una cárcel en la que cuenta con todos los medios para seguir delinquiendo desde ella y para preparar su fuga, su supuesta muerte primero y su acribillamiento finalmente. Alrededor de Pedro Pablo León Jaramillo gira toda una galaxia de familiares, amigos, enemigos y cómplices, que muestran cómo todos terminan pagando de diversas maneras las consecuencias del contacto con el narcotráfico; que con sus tentáculos se infiltra en todas las capas de la sociedad y en todas las instituciones del poder ejecutivo, judicial, legislativo, militar, político, periodístico y narcótico, etcétera.";https://image.tmdb.org/t/p/original/hTwfFidPtRU3BUH8mK90jWyPyBr.jpg;https://image.tmdb.org/t/p/original/9bdNwt53JFU1b6oor8eDipNO79i.jpg;Crimen, Drama;7.687;3;226;https://www.themoviedb.org/tv/31268
El Cartel de los Sapos;El Cartel de los Sapos;TMDB;2008 - 2010;"La ambición, la codicia, el miedo, la traición y el amor, conjugados, pueden convertir al ""sencillo"" negocio del narcotráfico en un verdadero y peligroso infierno.";https://image.tmdb.org/t/p/original/cSvzG2B2uafu5BoP5nt0OvrVrQG.jpg;https://image.tmdb.org/t/p/original/4jTSmEGdZ77A2dP6Y08gwo52LuF.jpg;Acción, Drama;7.5;2;107;https://www.themoviedb.org/tv/7458
El Chapo;El Chapo;TMDB;2017 - 2018;Una mirada a la vida del capo de la droga notorio, El Chapo, desde sus primeros días en la década de 1980 que trabajan para el Cártel de Guadalajara, a su llegada al poder de durante los años 90 y su caída final en 2016.;https://image.tmdb.org/t/p/original/2ClXk4PoOGmkk676y4q6T26GJOb.jpg;https://image.tmdb.org/t/p/original/4kp7ZwgminnWqgFwO5QEiWS5BNa.jpg;Drama, Crimen;7.533;3;32;https://www.themoviedb.org/tv/71411
El Chema;El Chema;TMDB;2016 - 2017;Sigue la épica transformación de un joven y astuto traficante de drogas que se convirtió en uno de los líderes del narcotráfico más infames del mundo.;https://image.tmdb.org/t/p/original/wuA7gcwhDMbZ4Y1lscXRrgmaJIi.jpg;https://image.tmdb.org/t/p/original/ekPKyVT9oMudeVukTCbJuH200TW.jpg;Crimen, Drama;7.672;2;85;https://www.themoviedb.org/tv/68734
El Color del Pecado;Da Cor do Pecado;TMDB;2004 - 2004;;https://image.tmdb.org/t/p/original/enXaNoI9K6bsBQpQNTXMP57yULF.jpg;https://image.tmdb.org/t/p/original/cLftreXClWhlJnZxgoRiXYB8vaC.jpg;Comedia, Drama, Telenovela;6.7;1;185;https://www.themoviedb.org/tv/45816
El Conde Amor y Honor;El Conde: Amor y Honor;TMDB;2024 - 2024;;https://image.tmdb.org/t/p/original/lwcTD8hRx5Ch4sAmjNHmWigkaND.jpg;https://image.tmdb.org/t/p/original/1rGfdcrJOzqyBGo0HUa740L2GhX.jpg;Drama, Acción;8.1;1;80;https://www.themoviedb.org/tv/247174
El extraño retorno de Diana Salazar;El extraño retorno de Diana Salazar;TMDB;1988 - 1989;;https://image.tmdb.org/t/p/original/45ZLhHKvywU72Jd2W5G8CJYYyDu.jpg;https://image.tmdb.org/t/p/original/cP2hDMm2doViZIuUh8NAPqdMbyE.jpg;Drama, Telenovela;7.525;1;196;https://www.themoviedb.org/tv/19918
El Hombre Equivocado;El hombre equivocado;TMDB;2020 - 2020;Özgür Atasoy es un joven adinerado que posee un restaurante y vive una vida algo alocada, ya que ha perdido la fe en el amor y en las mujeres. Por su parte, Ezgi İnal es una chica romántica que, tras haber sido traicionada por su último novio Soner, se harta de que sus relaciones no salgan bien y está decidida a conseguirlo y casarse. Así, al ver que no tiene éxito en sus conquistas, esta recurre a Özgür, su vecino, para que la oriente y le dé técnicas con el fin de conseguir al hombre que le gusta y que luego no la deje. A cambio, ella se compromete a acompañarle a la boda de su hermana fingiendo ser su novia, para ayudar a Özgür a deshacerse de las molestas peticiones de su madre, a quien le encantaría verlo casado y con hijos.;https://image.tmdb.org/t/p/original/2N3KyU8FFa4NadLbtMmhE0pMlfL.jpg;https://image.tmdb.org/t/p/original/wwtDGWtD2phaVgtejctB6P5uurr.jpg;Comedia;7.965;1;14;https://www.themoviedb.org/tv/105052
El Juego De Mi Destino;El juego de mi destino;TMDB;2021 - 2022;Asiye, que lucha con sus dos hijos pequeños a una edad temprana, se dedica a la felicidad de sus hijos a pesar de todas sus privaciones, y es tanto una madre como un padre para ellos, su vida da un vuelco con el desastre que le sucedió. hija Narciso, a quien ella evita de sus ojos. Después de eso, el camino de Asiyah se cruza con Mahir, un extraño desconocido que los ayuda, quien se ve arrastrado en un viaje irreversible con sus hijos en aras de proteger a su hija. Mahir, quien los ayuda con sentimientos humanitarios y los lleva a su automóvil, aún no sabe que cambiará el destino tanto de él como de Asiye y sus hijos con esta decisión que ha tomado. Para Asiye, quien se refugió en la Mansión Demirhan gracias a Mahir, esto no es una salvación, sino el comienzo de una guerra completamente nueva.;https://image.tmdb.org/t/p/original/l4AxEMRyaGWDI6ZqMNiyulZRYqz.jpg;https://image.tmdb.org/t/p/original/pu6NbWM8iiQvN5uVFzCVw2IXWw9.jpg;Drama;6.6;1;26;https://www.themoviedb.org/tv/152326
El Otro Lado del Paraiso;El Otro Lado del Paraíso;TMDB;2017 - 2018;La trama tiene dos fases y comienza en Tocantins. La primera fase, establecida en 2007, presenta a la profesora Clara, una inocente joven huérfana que vive con su abuelo Josafá dueño de un bar, en Jalapão. Ella conoce a Gael, un heredero de una familia en decadencia de Palmas, y termina enamorándose de él. Sin embargo, Clara sufre de su carácter explosivo y extremadamente sexista y termina siendo aconsejada por Sophia.;https://image.tmdb.org/t/p/original/ig6uY17kaD25ndkBOPEv2aU7wcK.jpg;https://image.tmdb.org/t/p/original/de2jfUW4E3X3jl8Tf62BgRPDMHd.jpg;Telenovela, Drama, Misterio;6.192;1;173;https://www.themoviedb.org/tv/74615
El Sultan;El Sultán;TMDB;2011 - 2013;Tras la muerte de su padre, Suleiman se va del lado de su esposa e hijo y parte hacia Constantinopla, actual Estambul, para ser nombrado Sultán. Suleiman asciende al poder y llegará a construir uno de los imperios más grandes y poderosos de su época. No pasa mucho tiempo hasta que Suleiman cae locamente enamorado de Alexandra la Rossa, una hermosa joven cristiana que fue vendida al palacio de Crimea. Alexandra se casa con Suleimán y juntos comienzan su largo reinado. Impulsada por la venganza y un deseo insaciable de poder, Alexandra manipula sin piedad a Suleiman para que haga cumplir sus deseos.;https://image.tmdb.org/t/p/original/3G6oMMpBboyb0mQZwaxym7hGDAQ.jpg;https://image.tmdb.org/t/p/original/r3MaA4AQYehLKzlguwpBEYYe4NT.jpg;Drama;9.229;4;134;https://www.themoviedb.org/tv/96157
Ellas Soy Yo Gloria Trevi;Gloria Trevi: Ellas soy yo;TMDB;2023 - 2023;Esta serie biográfica revela el enigmático viaje de Gloria Trevi, una mujer que desafió las convenciones, venció la adversidad y encontró la redención a través de su espíritu inquebrantable.;https://image.tmdb.org/t/p/original/sWbTwoCTwa5VMxLXaae9qbkeOro.jpg;https://image.tmdb.org/t/p/original/eyXpMDuUuBlgQEGx3U1mDoC0o3J.jpg;Drama, Documental;7.8;1;50;https://www.themoviedb.org/tv/231952
En Todas Partes Tu;En todas partes, tú;TMDB;2019 - 2019;Selin es una chica con ambición que busca una casa para independizarse, mientras que Demir es un empresario que ha pasado un año en el extranjero y vuelve a Estambul con la idea de vivir en la casa en la que creció. Tras encontrar la casa ideal, ambos deciden comprarla, pero ambos descubren que cada uno de ellos posee la mitad de la propiedad, por lo que estarán obligados a convivir bajo el mismo techo. La situación se vuelve todavía más complicada cuando Selin descubre que Demir es además su nuevo jefe.;https://image.tmdb.org/t/p/original/9I0gnr2qlyrhNppmToN9DAyXWYF.jpg;https://image.tmdb.org/t/p/original/ffzhUpoAh6zqgzSTwSzfxnALzzs.jpg;Comedia;7.875;1;23;https://www.themoviedb.org/tv/90302
ENTREGA;ENTREGA;TMDB;2019 - 2019;72 capitulos. Manuel es un joven profesor de Historia de Cuba en la enseñanza preuniversitaria. Durante dos años no ejerce el magisterio por discrepancias de los superiores con sus métodos de impartir la asignatura. Entonces se dedicó a trabajar junto a su padre en el negocio del cultivo y comercialización de flores. Gracias a ello tiene un estatus económico muy favorable. Sin embargo, aún siente la nostalgia por su profesión, pese a las críticas y presiones de su pareja.  La invitación de un viejo amigo a formar parte del claustro de profesores de un preuniversitario motivó a Manuel a volver a las aulas y a enfrentarse a un grupo de adolescentes difíciles, desinteresados e inmaduros.  Con el fin de despertar en ellos el amor a la historia, la patria, la cultura y de inculcarles valores morales, crea su propio método de enseñanza, no aceptado por otros profesores más tradicionales, quienes prefieren aferrarse a las normas establecidas y convivir con el desinterés de los jóvenes.;;;Drama;0.0;1;1;https://www.themoviedb.org/tv/281904
Gonulcelen;Gönülçelen;TMDB;2010 - 2011;Hasret, una vendedora ambulante de Estambul y el músico Murat se conocen en una boda en la calle mientras ella cantaba. Una apuesta hace que Murat quiera convertirla en una celebridad y para ella es la oportunidad de salir de la pobreza.;https://image.tmdb.org/t/p/original/xcSAoTuWfDdg3talkwJynr4TDHS.jpg;https://image.tmdb.org/t/p/original/lQWu7cV6N8ysaK0PgqcgAXJYX20.jpg;Drama;8.067;2;56;https://www.themoviedb.org/tv/49767
Gulcemal;Amor Imposible;TMDB;2023 - 2023;Zafer se ve obligada a abandonar al amor de su vida para casarse con Saim, con quien engendra dos hijos, Gülcemal y Gülendam, pero cuando su amado Mustafá regresa, ellos deciden dejarlo todo atrás e iniciar su vida juntos. Saim, incapaz de soportar la traición se suicida, en respuesta, el pequeño Gülcemal asesina al hombre que le robó el amor de su madre y ella lo maldice. Ese niño, condenado al desamor, se convierte en un alma despiadada que regresa para vengarse, pero no es el único, porque Zafer usará a Deva, la hija de su único gran amor, para hacerle aún más daño, sin contar que Firuse, la madre de la joven, ha vuelto de la muerte para llevarse a su hija.;https://image.tmdb.org/t/p/original/cSsTRvBg566n5RidSgnzHvXdhDo.jpg;https://image.tmdb.org/t/p/original/uViff0bzXy95HK1fvi36UogLTNx.jpg;Drama;8.26;1;13;https://www.themoviedb.org/tv/224054
Habitación 309;Habitacion 309;TMDB;2016 - 2017;En un vídeo póstumo, un millonario anciano le habla a toda su familia. En este vídeo declara que el primer nieto que se case y tenga un hijo, obtendrá toda su parte de la compañía familiar. Desesperadas por obtener esa fortuna, las madres se apresuran a establecer citas a ciegas para sus hijos.;https://image.tmdb.org/t/p/original/jYOcAeNQgSj7gff73Lmc2Pdd1QU.jpg;https://image.tmdb.org/t/p/original/9s3W7nAPPhqlfM32z81uaujnavR.jpg;Drama, Comedia;6.595;2;65;https://www.themoviedb.org/tv/69306
Hakan, el protector;Hakan, el protector;TMDB;2018 - 2020;Hakan es un joven comerciante turco cuyo mundo se pone patas arriba cuando se entera de que está conectado a una orden antigua y secreta encargada de proteger Estambul. Hakan está muy lejos de ser un héroe, solo es un chico común en una ciudad donde Oriente se encuentra con Occidente y el pasado se encuentra con el presente. Pero Hakan pronto aprenderá que su ciudad natal está bajo la amenaza de los misteriosos y místicos Inmortales, y que su trabajo es detenerlos. Una tarea para la que quizá no esté preparado, cumplirá su destino como el último protector?;https://image.tmdb.org/t/p/original/1jMNF181PUdrCl1vHYIDVUSTP8c.jpg;https://image.tmdb.org/t/p/original/scrqQwSarTbq80oUdZrj7cbpscv.jpg;Acción, Ciencia ficción;7.206;4;32;https://www.themoviedb.org/tv/79026
Hayat Amor sin palabras;Hayat: Amor sin palabras;TMDB;2016 - 2017;Dos vidas completamente opuestas, una marcada por la amistad y el sacrificio y otra, por el dinero y la ambición, se unirán por el vínculo indestructible del amor. Son las de Hayat, una joven graduada universitaria desesperada por encontrar trabajo en Estambul, y la de Murat, heredero de un gran imperio textil.;https://image.tmdb.org/t/p/original/98SF66k5GOnE12MuLow6EWtbzdk.jpg;https://image.tmdb.org/t/p/original/nWNH4OTbiZTxqfPOgSYI2U17aCJ.jpg;Comedia, Drama;8.363;1;31;https://www.themoviedb.org/tv/67570
Hijas de la Luna;Hijas de la luna;TMDB;2018 - 2018;"Esta es la historia de cuatro hermanas nacidas en el mismo año y concebidas por el mismo padre; Juana Victoria, Juana Inés, Juana Bárbara y Juana Soledad.  En su lecho de muerte, Rosaura, la madre de Juana Victoria le confiesa a su hija el nombre de su verdadero padre; Juan Oropeza, un importante empresario hotelero. Tras su muerte, Juana Victoria se da la tarea de buscarlo y de descubrir que tiene otras tres hermanas. Al llegar a Mazatlán, Juana Victoria conoce entre las olas del mar a Sebastián y nace una fuerte atracción entre los dos.  Gracias a una huella de nacimiento con forma de media luna que Juana Victoria posee en su espalda baja, encuentra a su verdadero progenitor y se percata de que se ha enamorado de Sebastián, hijo de Juan, su medio hermano; primer varón nacido después sus cuatro hermanas.";https://image.tmdb.org/t/p/original/aDdAtBuiiL8S51qNezEcURcPooI.jpg;https://image.tmdb.org/t/p/original/bfmUoQdBHeemb62Nxadl2BTlEPu.jpg;Telenovela, Comedia, Drama;7.809;1;82;https://www.themoviedb.org/tv/79251
Imperio;Imperio;TMDB;2019 - 2025;Hace 15 años de la guerra liderada por Ertuğrul Gazi. Enfermo, viaja a Konya, dejando el mando a su hermano Dündar Bey. Dündar visita la fortaleza bizantina de Kulucahisar para renovar un pacto de paz y comercio. Osman, el hijo menor de Ertuğrul, lo acompaña y salva al gobernador Yorgopolos de un intento de asesinato. En la búsqueda de los culpables, muere su amigo Aybars, lo que lleva a Osman a jurar venganza. Su actitud valiente pero impulsiva causa tensiones con Dündar y su hermano Gündüz.;https://image.tmdb.org/t/p/original/6B4kOE4KYUVJfo2nXxp06p4Eivp.jpg;https://image.tmdb.org/t/p/original/puLaqdcTRwFxwv9S3PO6jA3ep7J.jpg;Bélica, Acción, Drama;7.91;6;194;https://www.themoviedb.org/tv/95603
India Una Historia De Amor;India, una historia de amor;TMDB;2009 - 2009;"La hija de una familia india rica y tradicional se enamora de un dalit y un hombre ""intocable"".";https://image.tmdb.org/t/p/original/9UolpjbYaLGEgalW9dx5QJPUGgV.jpg;https://image.tmdb.org/t/p/original/vYAkx4BQeIb9OkGCMZe5xL1RUeV.jpg;Telenovela, Drama;7.5;1;203;https://www.themoviedb.org/tv/7979
Invierno;Invierno;TMDB;2020 - 2020;Firuze y Ayaz son dos estudiantes que se enamoran. Atrapados entre el amor y el destino, no son libres de elegir lo que quieren. Primero, Ayaz desaparece, luego el padre de Firuze es incriminado y sentenciado por un crimen. Para estar juntos, Firuze y Ayaz tendrían que entregar a sus familias, a menos que puedan vencer las fuerzas que los mantienen separados.;https://image.tmdb.org/t/p/original/koZdwkUOQy8JsuGcrUdtQZAhakS.jpg;https://image.tmdb.org/t/p/original/eVo7j9XEV6ObPdS9sm7o5QmvApZ.jpg;Drama;7.4;1;10;https://www.themoviedb.org/tv/97296
Jaula Dorada;Jaula dorada;TMDB;2019 - 2020;Bedir sale de la cárcel tras quince años acusado de matar a Ahmet, el padre de Kenan, Okkes y Nefise. Durante estos años, la esposa de Ahmet, Kevsa y su hijo Okkes desarrollan una ira y sed de venganza hacia la familia de Bedir. Mientras tanto, Zülüf, hija de Bedir, y Kenan, hijo de Ahmet, se conocen en el museo donde trabaja ella e inmediatamente se sienten atraídos sin saber quiénes son sus familias. El hijo de Bedir, Müslüm, se fuga con Nefise porque están enamorados y saben que no pueden estar juntos. Okkes, cegado por la rabia, tira en un pozo a la hija de Bedir y esta es rescatada por Kenan. Para que haya paz, las dos familias, según la costumbre turca, novia por novia, acuerdan que sus hijos se casarán. Müslum y Nefise por un lado, y Kenan y Zülüf por otro.;https://image.tmdb.org/t/p/original/4Kn8bHj2fegODfII6RI15WSjreb.jpg;https://image.tmdb.org/t/p/original/mHxT3INpLU6dOBisHS1LOG3lldi.jpg;Drama;6.7;1;16;https://www.themoviedb.org/tv/95679
Kara Sevda (Amor Eterno);Amor eterno;TMDB;2015 - 2017;Kemal Soydere (Burak Özçivit) es hijo de una familia de clase media. En su último año en ingeniería de minas, una chica llamada Nihan Sezin (Neslihan Atagül) entra en su monótona vida. El amor parece imposible por la diferencia de clases entre ellos, pero se las arreglan para estar juntos. Hasta que un día, Kemal tiene que mudarse a Zoguldak para trabajar en una mina, dejando a Nihan en Estambul. Desconoce que su novia se casará obligada con Emir Kozcuoglu (Kaan Urgancioglu), un hombre enamorado de ella desde que eran niños. Kemal se aísla en su trabajo y pasan cinco años, hasta que un accidente en la mina hace que tome la decisión de regresar a Estambul para afrontar su pasado.;https://image.tmdb.org/t/p/original/al6OCoVRgdHhkGLVSvx4NPb4TJY.jpg;https://image.tmdb.org/t/p/original/n0lQ50CfQhB8TfB9hzpeBrJBZ6L.jpg;Drama;7.8;2;279;https://www.themoviedb.org/tv/65555
Kralice;Reina;TMDB;2023 - 2023;;https://image.tmdb.org/t/p/original/7U50lkVkJ2a27QkWNu3jL41nwU8.jpg;https://image.tmdb.org/t/p/original/kRzegG1sRPmzFOdQZf3P0HNd4Cd.jpg;Drama;6.3;1;11;https://www.themoviedb.org/tv/222799
Kurulus Osman;Imperio;TMDB;2019 - 2025;Hace 15 años de la guerra liderada por Ertuğrul Gazi. Enfermo, viaja a Konya, dejando el mando a su hermano Dündar Bey. Dündar visita la fortaleza bizantina de Kulucahisar para renovar un pacto de paz y comercio. Osman, el hijo menor de Ertuğrul, lo acompaña y salva al gobernador Yorgopolos de un intento de asesinato. En la búsqueda de los culpables, muere su amigo Aybars, lo que lleva a Osman a jurar venganza. Su actitud valiente pero impulsiva causa tensiones con Dündar y su hermano Gündüz.;https://image.tmdb.org/t/p/original/6B4kOE4KYUVJfo2nXxp06p4Eivp.jpg;https://image.tmdb.org/t/p/original/puLaqdcTRwFxwv9S3PO6jA3ep7J.jpg;Bélica, Acción, Drama;7.91;6;194;https://www.themoviedb.org/tv/95603
La Dama de Troya;La dama de troya;TMDB;2008 - 2008;Una mujer, después de permanecer oculta en un rancho, vuelve al pueblo llanero de Puerto Dorado para vengarse del miserable que la ultrajó, mató a su esposo y luego le disparó.;https://image.tmdb.org/t/p/original/xczlXRkWScVQ37dAeAFijpqXAHF.jpg;https://image.tmdb.org/t/p/original/ngt3rxpar6cAjM7K2ZpYkPWh2T3.jpg;Drama;4.4;1;138;https://www.themoviedb.org/tv/195381
La Desalmada;La desalmada;TMDB;2021 - 2021;Fernanda jura venganza después de que su esposo es asesinado y ella es violada en su noche de bodas. Con un mal recuerdo de esa noche traumática, Fernanda confunde a su verdadero amor, Rafael, con el hombre que arruinó su vida: el padre de Rafael.;https://image.tmdb.org/t/p/original/f7s3EsUtq0ZBH2pEhqxLa446IkQ.jpg;https://image.tmdb.org/t/p/original/RxfwuFrlZ2lCjYfYDWyS6ouK5J.jpg;Telenovela, Drama;7.6;1;90;https://www.themoviedb.org/tv/128794
La Jefa;La Jefa;TMDB;2025 - 2025;La vida perfecta de Gloria se destruye cuando sicarios matan a su prometido en su boda. Abandonada por su familia, perseguida y sin bienes, debe entrar al lavado de dinero para proteger a su hijo.;https://image.tmdb.org/t/p/original/5PpqPl6OPonNNet7dxCOxXCxkst.jpg;https://image.tmdb.org/t/p/original/7atgiE3S0rzYhCItMn7TLUuJNud.jpg;Crimen, Drama, Telenovela;8.4;1;100;https://www.themoviedb.org/tv/284219
La Mujer del Diablo;La mujer del diablo;TMDB;2022 - 2023;Se contará la historia de una maestra de primaria que desea salir de su pueblo, así como la de un hombre quien aparenta ser benefactor.;https://image.tmdb.org/t/p/original/lhGcQeib5dltKUVlI7c7oniZUZ7.jpg;https://image.tmdb.org/t/p/original/c5b4Xfa9jwW6hXXpyo28RArEAwy.jpg;Drama;7.546;3;26;https://www.themoviedb.org/tv/205442
La Pola;La Pola;TMDB;2010 - 2011;En medio de la lucha por la independencia de Colombia, Policarpa Salavarrieta desafía el poder español y los prejuicios de su tiempo. Su amor prohibido con Alejo, un joven español, se entrelaza con la revolución, enfrentando dilemas entre el corazón y la patria.;https://image.tmdb.org/t/p/original/i0S1GXNzsUJO3QXIydI0k9KIkcG.jpg;https://image.tmdb.org/t/p/original/7SiHXKtD9JHl6hAeZ1veFtVmjk4.jpg;Misterio, Drama;8.0;1;98;https://www.themoviedb.org/tv/107148
La Señora Fazilet y Sus Hijas;La señora Fazilet y sus hijas;TMDB;2017 - 2018;Fazilet Hanim, quien siempre ha querido volverse millonaria, vive en un barrio humilde con sus hijas. Tras la muerte de su esposo, decide calmar su ira con el mundo usando a sus hijas para salir de la miseria en la que pasan sus días. Su hija más joven, llamada Ece, es el apoyo más grande de Fazilet para alcanzar la fama y el dinero. Sin embargo, Hazan , la mayor de las hermanas, no tiene intenciones de ayudarla, puesto que sufre una pena enorme y nunca podrá perdonarla por la muerte de su padre. Para empezar su plan de convertirse en una mujer rica y famosa, Fazilet arrastrará a Ece con los Egemen, una respetada familia que reside en una lujosa mansión junto al Bósforo.;https://image.tmdb.org/t/p/original/7t7APvEsk460JQiAs05OFpH5TG1.jpg;https://image.tmdb.org/t/p/original/A4V6jJNHNNvMdICvs3CaH70zIvh.jpg;Drama, Familia;8.0;2;50;https://www.themoviedb.org/tv/76560
La Tempestad;La Tempestad;TMDB;2013 - 2013;Marina Reverte trabaja como gerente de un hotel, pero decide abandonar su trabajo cuando denuncia a un empresario por intentar propasarse con una de sus empleadas. Sumándose a sus problemas, ella recibe la terrible noticia de que su madre tiene una grave enfermedad y que deben mudarse a otra ciudad por su salud.;https://image.tmdb.org/t/p/original/dfwkeqhRV9IaB5HFEY0lwISolxs.jpg;https://image.tmdb.org/t/p/original/vZM0zW2dIJnIMxBZgviouMJiMkY.jpg;Drama;7.3;1;122;https://www.themoviedb.org/tv/44493
La Traicion;La traición;TMDB;1984 - 1985;;https://image.tmdb.org/t/p/original/8YZ9W8HQIFMh1mjpQvDD3Pntsvz.jpg;https://image.tmdb.org/t/p/original/nr2byxMAIvRggDoU0ENl684gxcr.jpg;Drama, Acción;7.5;1;120;https://www.themoviedb.org/tv/313801
La Venganza de Analia;La venganza de Analía;TMDB;2020 - 2025;Después de averiguar detalles desconocidos de su pasado, Analía Guerrero decide tomar, de mano propia, venganza contra el asesino de su madre: Guillermo León Mejía, un destacado político corrupto, candidato a la Presidencia de la República.;https://image.tmdb.org/t/p/original/f3gh3r1WimARRKnmn7fgV0Hu2LX.jpg;https://image.tmdb.org/t/p/original/tM0VOaUyTSgCzBq1aaYyB1OeYbu.jpg;Drama;7.5;2;126;https://www.themoviedb.org/tv/102712
La Viuda Negra;La Viuda Negra;TMDB;2014 - 2016;"Es una adaptación del libro «La patrona de Pablo Escobar» de José Guarnizo basada en la historia de la narcotraficante colombiana Griselda Blanco, más conocida como ""la reina de la coca"".";https://image.tmdb.org/t/p/original/xkdGdQDXzL6uKDgSJRz3oJqOcrC.jpg;https://image.tmdb.org/t/p/original/yec9CEAVgwVLiXHfqMKeMN3pff5.jpg;Acción, Drama, Crimen;7.377;2;139;https://www.themoviedb.org/tv/60637
Lado a Lado;Lado a Lado;TMDB;2012 - 2013;;https://image.tmdb.org/t/p/original/essMpxNLj8WvTxzUkN58ZShCsV6.jpg;https://image.tmdb.org/t/p/original/fXC10vd7wzBxFAMEItv7xOuEJvm.jpg;Telenovela, Drama;9.1;1;154;https://www.themoviedb.org/tv/46156
Las Hijas de la Señora Garcia;Las Hijas de la Señora García;TMDB;2024 - 2025;La madre decidida, la Sra. García, se esfuerza por darles a sus hijas Valeria y Mar un futuro mejor, protegiéndolas de la pobreza. Luchará para ver sus sueños reflejados en ellas y proporcionarles el más alto nivel de vida.;https://image.tmdb.org/t/p/original/c75tX49ZsDfyiYih6A0sc5M4zzP.jpg;https://image.tmdb.org/t/p/original/bX3MGRFsd5Tc5CB75ooGuo9qiob.jpg;Familia, Drama, Telenovela;7.4;1;82;https://www.themoviedb.org/tv/276277
Los Miserables;Los miserables;TMDB;1974 - 1974;;https://image.tmdb.org/t/p/original/oQHXDosQwb1milhJmxIfLX9tE3w.jpg;https://image.tmdb.org/t/p/original/jq6YW1N440mjj9anWtHxmoMCpYm.jpg;Drama, Crimen;8.5;1;77;https://www.themoviedb.org/tv/315922
Love is in the Air (LLaman a mi puerta);Love is in the Air;TMDB;2020 - 2021;Eda planea terminar sus estudios como arquitecta en el extranjero cuando Serkan Bolat, un joven empresario -y uno de los solteros más cotizados de Estambul-, se interpone en su camino cuando él decide cortar su financiación para los estudios a nivel internacional. Bolat le propone entonces un trato: si ella acepta pasar dos meses con él como si fuese su prometida, volverá a pagar sus estudios. Aunque Eda está convencida de odiarlo profundamente, a medida que pasan los días su relación comienza a cambiar.;https://image.tmdb.org/t/p/original/hkchSrpTMCEjdFBX5HU3IpyYXO4.jpg;https://image.tmdb.org/t/p/original/9qq8LpOoBLYq8MxiMugn0gf9qJd.jpg;Drama, Comedia;8.222;2;52;https://www.themoviedb.org/tv/104877
Luna LLena;Dolunay Luna llena;TMDB;2017 - 2017;Ferit Aslan (Can Yaman) es un empresario muy exitoso, y está obsesionado con el orden. Quiere la misma forma de organización tanto en su vida privada como profesional. Nazli (Ozge Gurel), que estudia gastronomía, necesita encontrar un trabajo de inmediato ya que es responsable de cubrir los gastos del hogar que comparte con su amiga y hermana. Ella es obstinada y firme, por lo que tiene dificultades para mantener un trabajo. Ambos completamente opuestos, se encuentran y dan inicio a una divertida historia de amor.;https://image.tmdb.org/t/p/original/3JK0Xk1HltwqXdNfhqsxQtKlMYQ.jpg;https://image.tmdb.org/t/p/original/sn19T6Dl4409fIT9PjCUkp6zcaZ.jpg;Comedia, Drama;8.204;1;26;https://www.themoviedb.org/tv/73506
Más hermosa que tú;Más hermosa que tú;TMDB;2022 - 2022;"Efsun es una joven médica dermatóloga que vive con su padre en Gaziantep, en el interior de Turquía, llevando una vida rural y tranquila. Ella y su padre fueron abandonados por su madre cuando era pequeña; su madre su fue a Estambul y no hubo más noticias.  Un día Efsun se entera que su madre está en Estambul en su lecho de muerte y pide verla. Para que vaya a Estambul la madre envía un coche con chofer, que es Emir.  Al llegar al lado de su madre descubre que ella es dueña de una clínica de estética muy importante y que quiere que Efsun trabaje en esa clínica. También descubre que su madre ha formado pareja con Kaya que a su vez tiene un hijo que es Emir, el supuesto chofer.  En realidad Emir es un brillante cirujano plástico, que quiere dirigir la clínica y ve a Efsun como una enemiga que llega para usurparle su lugar. Además tendrán que ser vecinos en las viviendas de la clínica.";https://image.tmdb.org/t/p/original/xtLkwR0NkYlJatqRydfCvf9l2RB.jpg;https://image.tmdb.org/t/p/original/ra2t2Q9n9V90e4t0ND3JBnU0mPy.jpg;Comedia, Drama;8.053;1;14;https://www.themoviedb.org/tv/203572
Medcezir;Medcezir;TMDB;2013 - 2015;Yaman es un joven que vive en Tozludere, un barrio pobre de Estambul con su madre, hermano y padrastro. Destaca por ser un joven luchador, trabajador y honesto. Sin embargo, un día es arrestado y encarcelado porque su hermano Kenan roba un automóvil en una gasolinera. A raíz de este suceso, conoce a Selim Serez, un exitoso abogado. Selim ve en el joven mucho potencial que no puede ser desperdiciado, y por esta razón, le ofrece vivir junto a él y su familia.;https://image.tmdb.org/t/p/original/t3uTGtLVDbpo2SaQVKhvjcj5HWU.jpg;https://image.tmdb.org/t/p/original/4zuLi90yC0S1c7uwHO0dyU7kIYX.jpg;Comedia, Drama, Familia;7.1;2;77;https://www.themoviedb.org/tv/61867
Mi Adorable Maldición;Mi adorable maldición;TMDB;2017 - 2017;"En el pueblo de El Salado es una ventana al pasado; en él las tradiciones, las creencias y las costumbres de antaño se mantienen vivas. Y aunque esto le da un color extraordinario, no todo es perfecto, pues sus pobladores aún creen en lo sobrenatural, en brujerías y maldiciones, así que cuando Carmen la mamá de la pequeña Aurora muere al dar a luz, de inmediato Macrina, la partera, esparce la noticia de que la niña es la culpable porque nació con un lunar con apariencia de una calavera y eso es clara muestra de que acarrea la desgracia. Así, la bebé queda marcada para toda su vida como portadora de una ‘maldición’. Ante la presencia de la inocente criatura, los vecinos reaccionan como si el mismísimo diablo se les plantara enfrente, provocando que Severo, un despreciable porquero que va dejando apeste a su alrededor, lance una amenzante advertencia a Aurora, jurando que ella jamás va a tener una familia, pues su destino está escrito y debe cumplirse.";https://image.tmdb.org/t/p/original/rKxKJCyaY1pgSDXNN8HcEovPdqR.jpg;https://image.tmdb.org/t/p/original/jiarEDLmjMpZP5qht47ZXYAATh7.jpg;Drama, Telenovela;7.4;1;122;https://www.themoviedb.org/tv/72406
Mi Hogar, Mi Destino;Mi hogar, mi destino;TMDB;2019 - 2021;Zeynep, una joven que trata de sacar adelante a su familia, verá cómo su vida cambia radicalmente con la aparición de Mehdi, un hombre complicado del que se enamora perdidamente.;https://image.tmdb.org/t/p/original/hjgsSAwMIuDxe9DLom13bZTKqG5.jpg;https://image.tmdb.org/t/p/original/wTh8q0Uj5pMHNcW5KFJ8WZ7snt1.jpg;Drama;7.4;2;43;https://www.themoviedb.org/tv/96775
Mi nombre es Farah;Mi nombre es Farah;TMDB;2023 - 2023;Farah es una joven que ha tenido que huir de su país natal y lucha ilegalmente por sobrevivir junto a su hijo enfermo en Estambul. En una noche aparentemente ordinaria, su vida da un giro inesperado cuando presencia involuntariamente un asesinato. Este suceso la llevará a un cruce de caminos con Tahir Lekesiz, un hombre al que conoce esa misma noche. Este encuentro cambiará sus vidas para siempre y los arrastrará a un mundo de misterio, intriga y peligro.;https://image.tmdb.org/t/p/original/lw9DBdrF58jsv2mkCqcQTJynsTU.jpg;https://image.tmdb.org/t/p/original/ebtobUiMRbq0T3R1mBVI69Ux937.jpg;Crimen, Drama;8.813;2;27;https://www.themoviedb.org/tv/219826
Mujeres Apasionadas;Mulheres Apaixonadas;TMDB;2003 - 2003;;https://image.tmdb.org/t/p/original/f7xttU79eOEm8YOu4DCONvbPtNX.jpg;https://image.tmdb.org/t/p/original/jDwJ1Tkys0EdeJUesw2XKyUrlTv.jpg;Telenovela, Familia, Drama;6.3;1;203;https://www.themoviedb.org/tv/20875
No Sueltes Mi Mano;No sueltes mi mano;TMDB;2018 - 2019;Sinopsis: Esta historia gira entorno Cenk (Alp Navruz) quien es hijo de una de las familias más famosas y ricas de todo Estambul y poseen una de las empresas gastronómicas más grande de todo Turquía.El vive en los Estados Unidos pero un día decide regresar a Estambul con el fin de vender su empresa y elegir su propio destino pero lo que el no sabe es que en el camino se cruzara con Azra (Alina Boz) una joven y guapa estudiante de cocina que se radica en los Estados Unidos y por un pedido de su padre decide regresar a Estambul. ¿Podrán Cenk y Azra aceptar lo que el destino les tiene preparado?;https://image.tmdb.org/t/p/original/budGPvu6oms8qvMWSxjqL4HAis3.jpg;https://image.tmdb.org/t/p/original/bjibXGFuZiBPUNuX64ZsEiuVmgu.jpg;Familia, Drama;8.385;2;59;https://www.themoviedb.org/tv/80229
Pajaro Soñador;Pajaro Soñador;TMDB;2018 - 2019;Esta historia gira entorno a Sanem una joven y hermosa muchacha llena de vida quien tiene un padre que trabaja en una tienda de comestibles y una hermana mayor Leyla quien es todo lo contrario a su pequeña hermana. Sanem con tal de ayudar a su padre envía una solicitud de trabajo a la revista más famosa de Turquía “La Condesa” el dueño de esta revista es el señor Aziz quien tiene dos hijos Can y Emre, Can es un joven y atractivo muchacho lleno de energía y con un espíritu aventurero, amante de la naturaleza todo lo contrario a Emre el cual todas las chicas mueren por él. La vida de estos dos hermanos cambiará el día que Sanem entre a la empresa.;https://image.tmdb.org/t/p/original/8Xums4sswAnXJQnUSbwcY20iZcC.jpg;https://image.tmdb.org/t/p/original/uJ3HalVLkaOeH1lvDdrEmeqFxds.jpg;Drama, Comedia, Telenovela;8.0;1;51;https://www.themoviedb.org/tv/80411
Perdona Nuestros Pecados;Perdona nuestros pecados;TMDB;2017 - 2018;La llegada de Reynaldo Suárez (Mario Horton), el nuevo párroco de Villa Ruiseñor, generará más de un dolor de cabeza a Armando Quiroga (Álvaro Rudolphy), el hombre más rico y poderoso de la región del Maule, mientras en silencio las mujeres del pueblo comienzan a murmurar sobre los encantos y magnetismo del cura. Reynaldo llega a buscar venganza contra Quiroga por el supuesto suicidio de su hermana menor casi 20 años atrás, apoyado por su madre, la abortera del pueblo, Lidia (Carmen Disa Gutiérrez).  Por otro lado, está María Elsa (Mariana Di Girólamo) la hija y debilidad de Armando. Una niña ejemplar para los ojos del pueblo, pero que, al comenzar un romance con Camilo Corcuera (Etienne Bobenrieth), un joven de clase baja e hijo de Silvia Corcuera (Francisca Gavilán) una empleada doméstica, desafía una de las reglas más importantes del lugar: la separación entre las clases sociales de la época.;https://image.tmdb.org/t/p/original/urhzrTrZhVqu5fk1PCuYFVZ0px.jpg;https://image.tmdb.org/t/p/original/AqL1l2OWupNcTiIpix6MPVsRk4d.jpg;Telenovela, Drama;2.8;2;312;https://www.themoviedb.org/tv/97403
Propuesta Indecente;Propuesta indecente;TMDB;2023 - 2023;Zein es un hombre atractivo y millonario, dueño de una empresa pero que no ha tenido buena suerte en el amor, sin embargo, Sara, una de las trabajadoras de su empresa, se ha ganado su corazón sin siquiera tratarlo. La vida de esta hermosa mujer la ha llenado de pesar. Sara quedó viuda y es madre de un niño al que le detectaron leucemia.;https://image.tmdb.org/t/p/original/vfsCrC6cqbTEliqZJXTbraJSBw5.jpg;https://image.tmdb.org/t/p/original/dRV1lMIxQBlIgngufjrQeRX1JJm.jpg;Drama;6.571;1;89;https://www.themoviedb.org/tv/211782
Quien es Quien;¿Quién es la máscara? México;TMDB;2019 - 2025;;https://image.tmdb.org/t/p/original/Am4GYpXqFoWRqzlMJJoY3SQaKf8.jpg;https://image.tmdb.org/t/p/original/kkaRcLLvwConukXnWNunCHds8pe.jpg;Familia, Reality, Talk Show;5.5;7;68;https://www.themoviedb.org/tv/93597
Rastros de Mentiras;Rastros de Mentiras;TMDB;2013 - 2014;Rastros de Mentiras es una historia de amor y ambición centrada en Paloma (Paolla Oliveira), quien vive una relación conflictiva con su familia. Adoptada en secreto, conocerá la verdad de su maquiavélico hermano Félix (Mateus Solano), que desea eliminarla a cualquier precio y heredar la fortuna de sus padres, médicos dueños de un hospital. La revelación ocurre durante un viaje a las deslumbrantes ciudades históricas de Perú, donde Paloma se enamora del aventurero Nido (Juliano Cazarré).;https://image.tmdb.org/t/p/original/7F0JxZDMd4ISF8By5SDUfuUqBiv.jpg;https://image.tmdb.org/t/p/original/9vqqstyyhaO6b7Zc3VJgjzpWMJi.jpg;Telenovela, Drama, Familia;5.9;1;221;https://www.themoviedb.org/tv/59599
Romina Poderosa;Romina Poderosa;TMDB;2023 - 2023;El mundo conocerá a una nueva heroína en esta historia llena de adrenalina y velocidad. Juanita Molina (La Reina del flow 2) es Romina, apasionada del downhill y defensora de los más débiles;https://image.tmdb.org/t/p/original/7x1fR7YoXWphEbaQFeZZ34g2BGd.jpg;https://image.tmdb.org/t/p/original/9kxWbS88J0BFApxwaFoCv76w5ll.jpg;Drama, Telenovela;7.7;1;65;https://www.themoviedb.org/tv/228051
Rubi (2004);Rubí;TMDB;2004 - 2004;Rubí es una bella joven universitaria que vive junto con su madre Doña Refugio y su hermana Cristina en una pobre vecindad. ... Maribel es hija del millonario hombre de negocios llamado Arturo De La Fuente. Ella le entrega su amistad a Rubí, sin saber que esta está envenenada por la envidia y los celos;https://image.tmdb.org/t/p/original/uUYw0HKpaxZWbKkzCIPgEwXPDr3.jpg;https://image.tmdb.org/t/p/original/55gsc08ajOpUIKNAsNPa3V4qWkE.jpg;Telenovela, Drama, Misterio;7.689;1;115;https://www.themoviedb.org/tv/12961
Safir;Safir;TMDB;2023 - 2024;;https://image.tmdb.org/t/p/original/ngAgkMrVQyBhiuhIK3zg1tmravS.jpg;https://image.tmdb.org/t/p/original/7v2g0gG5Pda1Wloq8ebMwkki0IE.jpg;Familia, Drama;5.3;1;26;https://www.themoviedb.org/tv/231092
Sed de venganza;Sed de Venganza;TMDB;2024 - 2025;Fernanda, decidida a superar su pasado, ve interrumpidos sus planes cuando un hombre entra en su vida, desencadenando acontecimientos que ponen a prueba su resiliencia. Para empeorar, se enamora de Francisco, impulsada por la venganza.;https://image.tmdb.org/t/p/original/7ucKT5fdCNATNHnAPkP0mjV2Shw.jpg;https://image.tmdb.org/t/p/original/sD6Cvc4VRGVGZHqeqglWrfo9vOP.jpg;Drama, Telenovela;7.6;1;83;https://www.themoviedb.org/tv/274634
Señora del Destino;Señora del Destino;TMDB;2004 - 2005;"Una historia sobre personas que vencen en la vida por su propio esfuerzo. Una trama cuyo hilo conductor es Maria do Carmo, madre de cinco hijos, que venció en la vida con mucha lucha, pero que tendrá como gran batalla la reconquista de su hija, raptada aún recién nacida. Relaciones y conflictos familiares y el rescate de valores que la sociedad ya ha olvidado, son los temas abordados en 'Señora del Destino'. La obra se divide en dos partes: la primera transcurre en 1968 y se extiende por cuatro capítulos y medio; la segunda empezará tras un salto en el tiempo.";https://image.tmdb.org/t/p/original/x74oguhQltDFw8rUZX5C0Li9N56.jpg;https://image.tmdb.org/t/p/original/p5D492rqjQmrcc8rQPLkcJ9FPpa.jpg;Telenovela, Drama;7.9;1;221;https://www.themoviedb.org/tv/46101
Sol Yanim;Mi lado izquierdo;TMDB;2020 - 2021;La serie dramática sigue la historia de una madre y su pequeña hija, Serra, mientras intentan acostumbrarse a su nueva vida en un vecindario común después de caer en desgracia.;https://image.tmdb.org/t/p/original/u9jA4fJ83pwqSkNsYajTSliukZK.jpg;https://image.tmdb.org/t/p/original/i3UxDwbnAzTmayjkOLppEKewAxg.jpg;Drama;9.1;1;12;https://www.themoviedb.org/tv/113720
Sueños de Libertad;Sueños de libertad;TMDB;2024 - 2026;Begoña Montes es una mujer que vive atrapada en un matrimonio tóxico y busca la ansiada libertad en la España de 1958.;https://image.tmdb.org/t/p/original/k0uSCsavcoGviQK9rfyH2srRjhZ.jpg;https://image.tmdb.org/t/p/original/qwoFxyMtArLpZZzG3mmRDEjGgCM.jpg;Drama, Telenovela;6.1;3;582;https://www.themoviedb.org/tv/239526
Te Alquilo Mi Amor;Te Alquilo Mi Amor;TMDB;2015 - 2017;Defne, una chica pobre que vive con su abuela, hermano y hermana está enredado en un acuerdo para hacer el famoso hombre de negocios, caída Omer enamorado de ella y casarse con ella antes de que sea demasiado tarde. Defne se ve obligado a hacerlo debido a los obstáculos de la vida y con sus diferencias, tendrá que ser capaz de hacer caer Omer enamorado de ella?;https://image.tmdb.org/t/p/original/qrjBau8YQ1xsS7Rire5eJGUNy2g.jpg;https://image.tmdb.org/t/p/original/7l7K63FeW6iUTJZPa6ips71OWDn.jpg;Comedia;7.4;2;69;https://www.themoviedb.org/tv/63549
Te Voy a Enseñar a Querer;Te voy a enseñar a querer;TMDB;2004 - 2007;;https://image.tmdb.org/t/p/original/xdPsYnVa9vb4qsCuNARqaX3KOUt.jpg;;Telenovela, Drama;6.6;1;129;https://www.themoviedb.org/tv/107072
Tierra de Esperanza;Tierra de Esperanza;TMDB;2023 - 2023;Cuando su padre es detenido por estafa, María Teresa ( Carolina Miranda ), una empresaria, debe intervenir y hacerse cargo del rancho que le dejó su madre, donde conoce a Santos ( Andrés Palacios ), el capataz del rancho con quien constantemente discrepar.;https://image.tmdb.org/t/p/original/bUfbmaeHoWeqXC6rL8bSFwPfoNJ.jpg;https://image.tmdb.org/t/p/original/mxzjNi5bshxV77huxdPZyyvvEBi.jpg;Telenovela, Drama;7.76;1;65;https://www.themoviedb.org/tv/228459
Tierra De Reyes;Tierra de Reyes;TMDB;2014 - 2015;Cuando los hermanos Gallardo, Arturo, Flavio  y Samuel, se enteran de que su hermana menor Alma  mantiene una relación con Ignacio del Junco , un hombre mucho mayor que ella, intentan separarlos a toda costa, sin embargo todo acaba abruptamente cuando Ignacio muere en extrañas circunstancias. Alma, desesperada ya que espera un hijo suyo, se dirige hacia el velorio del hombre que ama y es ahí cuando se entera de que éste no estaba separado, como le había hecho creer, sino que sigue casado con Cayetana Belmonte , una mujer altanera, poderosa y avasallante, quien la humilla en frente de sus hijas, Sofía , la hermosa veterinaria del rancho de su familia, Irina , una alocada y divertida joven, y Andrea, seria y distinguida como su madre, de su inescrupuloso yerno Leonardo Montalvo, su anciano padre don Felipe y el personal de servicio.;https://image.tmdb.org/t/p/original/cwBNC3e86zvWrznlqrImsv1MJdB.jpg;https://image.tmdb.org/t/p/original/l9fMvldLIW8Kjuo9uuJ5eDybXJG.jpg;Drama;7.846;1;160;https://www.themoviedb.org/tv/70176
Traicion;La traición;TMDB;1984 - 1985;;https://image.tmdb.org/t/p/original/8YZ9W8HQIFMh1mjpQvDD3Pntsvz.jpg;https://image.tmdb.org/t/p/original/nr2byxMAIvRggDoU0ENl684gxcr.jpg;Drama, Acción;7.5;1;120;https://www.themoviedb.org/tv/313801
TRAVESIA;La travesia del Mayflower;TMDB;2016 - 2016;Los primeros peregrinos a Estados Unidos a bordo del Mayflower, es lo que constituyó después el famoso día de Acción de Gracias. Pero lo que celebran allí cada año poco tiene que ver con las personas y los dramáticos hechos de aquella época de desesperación.  En 1620, un pequeño grupo de hombres, mujeres y niños atormentados por la persecución religiosa en Inglaterra embarcaron en un espantoso viaje hacia una tierra hostil con la esperanza de una vida mejor y libertad de culto. La mitad de los colonos que sobrevivieron al terrible trayecto en el Mayflower murieron de inanición y frío durante el primer invierno. Fue sólo la compasión y la ayuda de los habitantes nativos lo que les permitió salir adelante y establecer los cimientos de una nueva nación. Sin embargo, irónicamente, esto supuso el principio del fin de los indios nativos.;;;Acción, Documental;0.0;1;2;https://www.themoviedb.org/tv/76283
Tu Vida es Mi Vida;Tu vida es mi vida;TMDB;2024 - 2024;Paula abandona su trabajo como empresaria para pasar el mayor tiempo posible con sus tres hijos luego de enterarse de que padece una grave enfermedad y su vida corre peligro.;https://image.tmdb.org/t/p/original/k58tPG0q3h2umXDQWQ5m4kw03eR.jpg;https://image.tmdb.org/t/p/original/7Ct0Dkea1UQczjO628ONNiRGMqp.jpg;Familia, Telenovela, Drama;8.5;1;95;https://www.themoviedb.org/tv/243745
Tuzak;Tuzak;TMDB;2022 - 2023;;https://image.tmdb.org/t/p/original/IHX7A7tMc2hAET8Oy7DRdglfOz.jpg;https://image.tmdb.org/t/p/original/83Ugvwor1tmi0e25VcJz10jTQOq.jpg;Drama;8.727;1;26;https://www.themoviedb.org/tv/212799
Velo de novia;Velo de novia;TMDB;2003 - 2004;;https://image.tmdb.org/t/p/original/xpCHVdEEfQI4hAEeBsMP9e9wJOt.jpg;https://image.tmdb.org/t/p/original/nyR3F2feRsZLwg1g0LBfSa6dYrX.jpg;Drama;9.0;1;135;https://www.themoviedb.org/tv/32002
Violeta como el Mar;Violeta como el mar;TMDB;2022 - 2024;Violeta regresa a Palermo en búsqueda del paradero de su padre. Allí, como periodista, empieza a cubrir información sobre crímenes colaborando con el inspector Francesco Demir.;https://image.tmdb.org/t/p/original/ityM3jloJHwQh8jQivDKlNBgPAF.jpg;https://image.tmdb.org/t/p/original/kLiwgVtM1Vg9R5aftu23zyITvCo.jpg;Crimen, Drama, Misterio;7.618;2;24;https://www.themoviedb.org/tv/208878
Vivir de amor;Vivir de amor;TMDB;2024 - 2024;Hace 20 años, la familia de Elena se desmorona cuando su hija Frida le es arrebatada y la dan por muerta, quedando sola con Rebeca, su hija pequeña. Alma y Antonio lloran la muerte de su hija, pero justo después de sepultarla, ¡se encuentran a Frida y la hacen pasar por su hija Rebeca! Rebeca vive durante 20 años una vida humilde que no le corresponde, hasta que descubre su verdadero origen y decide vengarse al saber que su hermana Angelli ha vivido una vida llena de todos los lujos de los que ella careció y que, además, está comprometida con José Emilio.;https://image.tmdb.org/t/p/original/5I0koi3lvHtGDhYvfAkLssQKEGO.jpg;https://image.tmdb.org/t/p/original/zwXvUwXgOHbBJmZSFLmBfAwHDE6.jpg;Drama;7.437;1;130;https://www.themoviedb.org/tv/243487
Vuelve a mí;Vuelve a mí;TMDB;2023 - 2024;Nuria, una mujer de escasos recursos, emprende una corta relación con Braulio sin saber que es uno de los dueños de la empresa donde trabaja para poder mantener a su hijo y hermana. Las vidas de los personajes principales se empiezan a entrelazar tras el trágico secuestro de Andrés, el hijo de Nuria. En este drama lleno de vínculos amorosos, el amor incondicional de una madre por su hijo se convertirá en el hilo conductor de la historia.;https://image.tmdb.org/t/p/original/evKsJmlC4fRhARcnVbngygV40sE.jpg;https://image.tmdb.org/t/p/original/5GXW5SRUO8oWLOAaOhK1nxiCZEV.jpg;Telenovela, Drama;8.188;1;92;https://www.themoviedb.org/tv/236921
Zemheri;Invierno;TMDB;2020 - 2020;Firuze y Ayaz son dos estudiantes que se enamoran. Atrapados entre el amor y el destino, no son libres de elegir lo que quieren. Primero, Ayaz desaparece, luego el padre de Firuze es incriminado y sentenciado por un crimen. Para estar juntos, Firuze y Ayaz tendrían que entregar a sus familias, a menos que puedan vencer las fuerzas que los mantienen separados.;https://image.tmdb.org/t/p/original/koZdwkUOQy8JsuGcrUdtQZAhakS.jpg;https://image.tmdb.org/t/p/original/eVo7j9XEV6ObPdS9sm7o5QmvApZ.jpg;Drama;7.4;1;10;https://www.themoviedb.org/tv/97296
Zorro la Espada y la Rosa;Zorro: La espada y la rosa;TMDB;2007 - 2007;"El Zorro (Diego de la Vega) se enamora de la joven y bella viuda Esmeralda Sánchez de Moncada. Esta llega a California con su hermana Mariángel y su padre, Fernando, el recién nombrado gobernador de Los Ángeles. El héroe debe enfrentarse a una horda de villanos, utilizando como sello distintintivo su famosa ""Z"". La historia trata también sobre la madre perdida de Esmeralda y del hombre cuyas intrigas atroces cambiarán la vida de Diego para siempre. La resolución amenaza con agitar todo el Imperio Español.";https://image.tmdb.org/t/p/original/v6XZeLzt6mKJsUMc5S59Td0mt3g.jpg;https://image.tmdb.org/t/p/original/s5dDwDcyV4T764vjHW08gR18Xzu.jpg;Western, Drama, Telenovela;7.333;1;122;https://www.themoviedb.org/tv/5144
